{
  "AAPL": {
    "A": 0.23979919345596895,
    "b": 0.0038121793088519698
  },
  "AMZN": {
    "A": 0.027395662037546384,
    "b": 0.12252105137984619
  },
  "GE": {
    "A": 0.00822263056639701,
    "b": 0.0038257117252331837
  },
  "IVV": {
    "A": 0.002146537486343153,
    "b": 0.0050611001413957074
  },
  "M": {
    "A": 0.07232490678180797,
    "b": 0.002266702962102477
  }
}